Actual,Predicted
6552700448.0,6550953706.219627
5556623321.0,5556789952.472265
5113387878.0,5116136463.7105465
6635110367.0,6634332227.4846
4766640881.0,4772103501.378055
7741774583.0,7779585203.723505
6062288850.0,6057192562.984396
6885663352.0,6865250647.072115
6969985525.0,6949138795.588189
